source,target
راحت باش.,Make yourself at home.
قبل ازخ اوب کتا می‌خوانم.,I read a book before bed.
Today,امروز
چند تا میوه خریدم.,I bought some fruits.
واقعاً قدردانم.,I really appreciate it.
Grandmother,مادربزرگ
رات ایمیل فرستادم.,I sent you an email.
I wkae u at sven.,ساعت هفت بیدار می‌شوم.
I am sad.,غمگینم.
You are very kind.,شما خیلی مهربانید.
این دوست من اس.ت,This is my friend.
Please check your email.,لطفاً ایمیلت را چک کن.
برادرم دکتر است.,My brother is a doctor.
I am sill learning.,هنوز دارم یاد می‌گیرم.
I feel great.,عالی حس می‌کنم.
This is my friend.,این دوست من است.
Do oyu have a pen?,خودکار داری؟
دارم آشپزی می‌کنم.,I am cooking.
Jiuc,آبمیوه
Wiat or me.,برام صبر کن.
I am learning English.,دارم انگلیسی یاد می‌گیرم.
Would yuo like some tea?,چای میل داری؟
اتاق پرو جکاست؟,Where is the fitting room?
لطفاً لبخند بزنید!,Smile please!
چقدر پول دادی؟,How much did you pay?
متأسفانه نی‌تاونم.,I am afraid I cannot.
"Yes, I do.",بله، دارم.
How long does it take?,چقدر طول می‌کشه؟
hTis is perefct.,این عالیه.
How much is it?,قیمتش چقدر است؟
از اول شروع کنیم.,Let's start over.
Do you speak English?,انگلیسی بلدی؟
خانواده‌تا چطوره ستند؟,How is your family?
My pleasure.,خواهش می‌کنم.
I woudl ik eto book a table fo two people.,می‌خواهم یک میز برای دو نفر رزرو کنم.
House,خانه
This is important.,این مهم است.
از ملاقاتت خوشحال شدم.,It was nice meeting you.
ببخشید,Excuse me
چه شده؟,What is wrong?
شراه تلفنم .. اس.ت,My phone number is...
Eight,هشت
Cheer up,روحیه بگیر!
Yes,بله
Let's meet tomorrow.,فردا همدیگه رو ببینیم.
Ih ope to visit again soo.,امیدوارم به زودی دوباره سر بزنم.
I am studinyg.,دارم درس می‌خونم.
می‌تونم خودکارت رو قرض بگیرم؟,Can I borrow your pen?
فکر می‌کنم همینطوره.,I think so.
What time shall we meet?,ساعت چند همدیگه رو ببینیم؟
I want coffee.,قهوه می‌خوام.
Turn right after the bridge.,بعد از پل به راست بپیچ.
I am learning Persian.,دارم فارسی یاد می‌گیرم.
Tenty,بیست
کارت اتعباری قبول می‌کنید؟,Do you accept credit cards?
I hae a car.,ماشین دارم.
باشه.,Okay.
I like listening to musci,گوش دادن به موسیقی رو دوست دارم.
ساعت سه است.,It is three o'clock.
کجار فتی؟,Where did you go?
چطور به ایسگتاه قطار بروم؟,How do I get to the train station?
hWere do you live?,کجا زندگی می‌کنی؟
Sveen,هفت
Please,لطفاً
Of course.,البته.
لبه,Yes
Tea,چای
Happy birthday!,تولدت مبارک!
I like listening to music.,گوش دادن به موسیقی رو دوست دارم.
I made a mistake.,اشتباه کردم.
This is my family.,این خانواده من است.
صندلی من کجاست؟,Where is my seat?
Can you take a photo fo us?,می‌توانی از ما عکس بگیری؟
سمت چپ سات.,It is on the left side.
غذا خوشمزه است.,The food is delicious.
هیمن.,That is all.
Yellow,زرد
فیلم مورد لعاقه‌ات چیست؟,What is your favorite movie?
What time is it?,ساعت چند است؟
What time does the store close?,مغازه ساعت چند بسته می‌شود؟
دستشویی کجاتس؟,Where is the bathroom?
دل‌درد دارم.,My stomach hurts.
مستقیم بور.,Go straight ahead.
بآی,Blue
چای می‌خوام.,I want tea.
دوش می‌گیرم.,I take a shower.
سمت راستاست.,It is on the right side.
به خودت ایمان داشته باش.,Believe in yourself.
What color is this?,این چه رنگی است؟
در ر بزا کن,Open the door.
I will take this.,این رو برمی‌دارم.
Tomorrw,فردا
Where is the fitting room?,اتاق پرو کجاست؟
Maybe.,شاید.
I am tired.,من خسته‌ام.
Alright.,خوبه.
دارم درس می‌خونم.,I am studying.
I come back hme.,به خانه برمی‌گردم.
سن قبل از زیبایی.,Age before beauty.
کدورتی ینست.,No hard feelings.
سفر به خیر.,Safe travels.
مستقیم برو.,Go straight ahead.
Try harder.,بیشتر تلاش کن.
Please tkae me to thisa ddress.,لطفاً من را به این آدرس ببر.
صبحانه می‌خورم.,I have breakfast.
You speak very well.,خیلی خوب صحبت می‌کنی.
نان,Bread
Becraeful with that.,با آن مراقب باش.
دنبالم بیا.,Follow me.
Thank you for shopping.,ممنون از خریدتون.
سمتقیم برو.,Go straight.
ایده دبیه.,Bad idea.
I am Iht.o,گرمه.
Five,پنج
I sent you an email.,برات ایمیل فرستادم.
Take an umbrella.,چتر بردار.
Where is the pharmacy?,داروخانه کجاست؟
فیلم مورد علاقه‌ات چیست؟,What is your favorite movie?
چه شه؟,What is wrong?
لبخند بزن.,Smile.
Where do you work?,کجا کار می‌کنی؟
I agree.,موافقم.
I am twenty years old.,من بیست ساله هستم.
فقط نقدی.,Cash only.
tI will rani tomorrow,فردا باران خواهد بارید.
Bda idea.,ایده بدیه.
It is far.,دور است.
That is interesting.,آن جالب است.
It is okay to make mistakes.,اشتباه کردن اشکالی ندارد.
How can I get to the station?,چطور می‌تونم به ایستگاه برسم؟
چای,Tea
No rush.,عجله‌ای نیست.
برام پیام بفرست.,Send me a message.
I lie watching movies.,فیلم دیدن رو دوست دارم.
Sit donw.,بشین.
Whta day is today?,امروز چه روزیه؟
Are yuo okay?,خوبی؟
Do you have a pen?,خودکار داری؟
Please wait here.,لطفاً اینجا صبر کن.
خیلی خوب صحبت می‌کنی.,You speak very well.
به تو ربطی نداره.,It is none of your business.
It is too expnesive.,خیلی گران است.
دوستت دارم.,I love you.
Do you hava ny brothers or isters?,خواهر یا برادر داری؟
Aftrenoon,بعدازظهر
با دقت گوش نک.,Listen carefully.
I have trhee appes.,من سه تا سیب دارم.
بعدازهظر,Afternoon
I disagree.,مخالفم.
Here is your change.,این هم باقی پولت.
من بیست ساله هستم.,I am twenty years old.
Can you help me?,می‌تونی کمکم کنی؟
می‌توانید بگویید چطور به موزه بروم؟,Could you tell me how to get to the museum?
سرد است.,It is cold.
دعاً م‌بینمت.,See you later.
خوب بود.,It was good.
گرنام.,I am worried.
Do you like your job?,شغلت را دوست داری؟
در را باز کن.,Open the door.
Daughter,دختر
خدااحفظ,Goodbye
چای میل داری؟,Would you like some tea?
این تند است؟,Is this spicy?
فرتم بازار.,I went to the market.
I study computer science.,علوم کامپیوتر می‌خوانم.
"Yes, I am sure.",بله، مطمئنم.
How aws oyur trip?,سفرت چطور بود؟
خوش بگذره!,Have fun!
رمز عبورم را فراموش کردم.,I forgot my password.
That s enough.,کافیه.
Wehre is th bathroo?,دستشویی کجاست؟
کتاب خوندنر و دسوت دارم.,I like reading books.
Timei sm noey.,وقت طلاست.
بیا اینجا.,Come here.
I am busy.,سرم شلوغه.
اینترنت کار نمی‌کند.,The internet is not working.
Daghuter,دختر
سبز,Green
برام صبر کن.,Wait for me.
May I...?,ممکن است من...؟
It is August.,مرداد است.
ابری اس.,It is cloudy.
Safe travels.,سفر به خیر.
به کمی فضا نیاز دارم.,I need some space.
حمام,Bathroom
What subject od you sutdy?,چه رشته‌ای می‌خوانی؟
Where do you live?,کجا زندگی می‌کنی؟
بای دکدتر بروم.,I need to see a doctor.
خواره یا برادرداری؟,Do you have any brothers or sisters?
حدود ده دقیقه.,About ten minutes.
I need some space.,به کمی فضا نیاز دارم.
من در دانشگاه درس می‌خوانم.,I study at university.
Fathert,پدر
Kitchen,آشپزخانه
بله، دارم.,"Yes, I do."
Where is the phramacy?,داروخانه کجاست؟
I got your message.,پیامت رو گرفتم.
به چپ پیچ.,Turn left.
Oka.y,باشه.
می‌تونی انجامش بدی!,You can do it!
Chicken,مرغ
ماشین ندارم.,I don't have a car.
کدورتی نیست.,No hard feelings.
خیلی ممنونم.,Thank you very much.
Bird,پرنده
چطور به ایستگاه قطار بروم؟,How do I get to the train station?
About ten minutes.,حدود ده دقیقه.
I have breakfast.,صبحانه می‌خورم.
Six,شش
I am excited.,هیجان‌زده‌ام.
Continue.,ادامه بده.
Where is the hospital?,بیمارستان کجاست؟
My stomah hurs.t,دل‌درد دارم.
مهسر,Wife
گران بود.,It was expensive.
موافقم.,I agree.
Take your time.,عجله نکن.
I ave  codl.,سرما خورده‌ام.
Haev a nice day.,روز خوبی داشته باشی.
این چقرد قیمت دارد؟,How much does this cost?
ساعت هفت بدار می‌شوم.,I wake up at seven.
I tsi August.,مرداد است.
از آشنایی با شما خوشبختم,Nice to meet you
به راست بپیچ.,Turn right.
Not ba.d,بد نیست.
بیرونسرد سات.,It is cold outside.
Wait for me.,برام صبر کن.
I will be right back,همین الان برمی‌گردم.
Take care.,مواظب خودت باش.
Could be better.,می‌تونه بهتر باشه.
It is okay to make misatkes.,اشتباه کردن اشکالی ندارد.
خوشبگ ذره!,Have fun!
I wnat tea.,چای می‌خوام.
ورزش را دوست دارم.,I like sports.
دوتش ندارم.,I don't like it.
Fire!,آتش!
I lkiereding books.,کتاب خوندن رو دوست دارم.
I forgot my password.,رمز عبورم را فراموش کردم.
That is a en.,آن یک خودکار است.
eL's eat.,بزن بریم غذا بخوریم.
کتاب خوندن رو دوست دارم.,I like reading books.
پنج,Five
تولدت مبارک!,Happy birthday!
Do yolike your job?,شغلت را دوست داری؟
Brown,قهوه‌ای
متأسفانه نمی‌توانم.,I am afraid I cannot.
ساعت چند همدیگه رو ببینیم؟,What time shall we meet?
I need help.,به کمک نیاز دارم.
I am sick.,مریضم.
اب,Horse
باقی‌اش امل خودت.,Keep the change.
Let's start over.,از اول شروع کنیم.
من فارسی صحبت می‌کنم.,I speak Persian.
Are you sure?,مطمئنی؟
خبی؟,Are you okay?
گرنا بود.,It was expensive.
من دانشجو هستم.,I am a student.
I am fine.,من خوبم.
با دقت گوش کن.,Listen carefully.
How long have you lived here?,چقدر است که اینجا زندگی می‌کنی؟
به دکتر نایز دارم.,I need a doctor.
I need money.,به پول نیاز دارم.
برات برمی‌گردونم.,I will pay you back.
نه، ندارم.,"No, I don't."
من دانشجوهستم.,I am a student.
عید مبارک!,Eid Mubarak!
تب دارم.,I have a fever.
وسپ,Soup
فردا سه‌شنبه است.,Tomorrow is Tuesday.
رنگ مورد علاقه‌ات چیه؟,What is your favorite color?
باید دکتر بروم.,I need to see a doctor.
Uncle,عمو
این چقدر قیمت دارد؟,How much does this cost?
I am from Iarn.,من اهل ایران هستم.
Do you have any brothers or sisters?,خواهر یا برادر داری؟
Nice to meet oyu,از آشنایی با شما خوشبختم
من خسته‌ام.,I am tired.
It was nice meeting you.,از ملاقاتت خوشحال شدم.
عالی بود.,It was wonderful.
من خته‌ام.,I am tired.
خیلی بزرگ است.,It is too big.
I love you.,دوستت دارم.
فردا بارانخاهدبارد.,It will rain tomorrow.
لطفاًد ر را ببند.,Close the door please.
It was cheap.,ارزان بود.
دارم کار می‌کنم.,I am working.
باش.,Okay.
ارزان بود.,It was cheap.
این کلمه یعنی چه؟,What does this word mean?
چهارشنبه,Wednesday
پنجره ار ببدن.,Close the window.
I will be right back.,همین الان برمی‌گردم.
البته می‌تونی.,Of course you can.
Call me when you are free.,هر وقت آزاد شدی زنگ بزن.
The en.d,پایان.
مادربزرگ,Grandmother
No har dfeeings.,کدورتی نیست.
می‌تونم منو رو داشته باشم؟,Can I have the menu?
دارم کتاب می‌خونم.,I am reading a book.
خانه,House
نزدیک است.,It is near.
رما خورده‌ما.,I have a cold.
لطفاً اینجا صبر کن.,Please wait here.
Smile.,لبخند بزن.
Take car.e,مواظب خودت باش.
به دارو نیاز دارم.,I need medicine.
غلط است.,That is false.
Well done!,آفرین!
شب,Night
Three,سه
I am doing well.,حالم خوبه.
Nothing much.,چیزی نیست.
نگارش نباش.,Do not worry about it.
خیلی لطف دارید.,You are too kind.
ماشین دارم.,I have a car.
See you tomorrow.,فردا می‌بینمت.
Morning,صبح
I am leraning ersan.,دارم فارسی یاد می‌گیرم.
Pleasehelp me.,لطفاً کمکم کن.
زود باش!,Hurry up!
آروم باش.,Take it easy.
ن جالب سات.,That is interesting.
می‌تونه بتهر ابشه.,Could be better.
My phone batteyr is low.,باتری گوشیم کم است.
هوا خوب است.,The weather is nice.
What do you do?,چه کار می‌کنی؟
It is rainign.,باران می‌بارد.
Happy NewYear!,سال نو مبارک!
It is three o'clock.,ساعت سه است.
چه نوع موسیقی دوست داری؟,What kind of music do you like?
Sisetr,خواهر
من والدنی مرا ودست دارم.,I love my parents.
صندیل من جکاکست؟,Where is my seat?
Be careful with that.,با آن مراقب باش.
Get wel lsoon.,زود خوب شو.
یک,One
می‌تونم من ورو داشت هباشم؟,Can I have the menu?
بس کن.,Stop it.
انی یک کتاب ات.,This is a book.
این چه رنگی است؟,What color is this?
شماره تلفنت چنده؟,What is your phone number?
It is on the right side.,سمت راست است.
I brush my teeth.,دندان‌هایم را مسواک می‌زنم.
فردا,Tomorrow
حس خوی دارم.,I feel good.
سمت راست است.,It is on the right side.
سیر شدم.,I am full.
I have a fever.,تب دارم.
Bedorom,اتاق خواب
Whta is your favortie movie?,فیلم مورد علاقه‌ات چیست؟
See you next week.,هفته آینده می‌بینمت.
هفته آینده می‌بینمت.,See you next week.
برات بمری‌گرودنم.,I will pay you back.
بعد از پل به راست بپیچ.,Turn right after the bridge.
دور است.,It is far.
باوتر دارم.,I believe you.
How do you say this in English?,این را به انگلیسی چطور می‌گویند؟
I amfull.,سیرم.
من گوشت نمی‌خورم.,I do not eat meat.
به دکتر نیاز دارم.,I need a doctor.
Tomorrow,فردا
I trust you.,بهت اعتماد دارم.
دارم فارسی یادمی‌گیرم.,I am learning Persian.
چهار,Four
Nothing is wrong.,هیچی نیست.
آبمیوه,Juice
Call me later.,بعداً بهم زنگ بزن.
این کلمه ینی چه؟,What does this word mean?
What day is it today?,امروز چه روزی است؟
دارم تلویزیون می‌بینم.,I am watching TV.
چتر بردار.,Take an umbrella.
بریم.,Let's go.
چند تا؟,How many?
هرگز از یادگیری دست نکش.,Never stop learning.
Can we reschedule?,می‌توانیم زمان را تغییر دهیم؟
می‌بخشمت.,I forgive you.
خیلی کوچک است.,It is too small.
برف می‌بارد.,It is snowing.
A littl.e,کمی.
Go straight ahead.,مستقیم برو.
کجا کار یمک‌نی؟,Where do you work?
از اشتباهاتت یاد بگیر.,Learn from your mistakes.
من اهل ایران هسمت.,I am from Iran.
That would be great.,عالی می‌شود.
Of course you can.,البته می‌تونی.
Green,سبز
How much does this cost?,این چقدر قیمت دارد؟
آشپزخانه کجاست؟,Where is the kitchen?
I appreciate it.,قدردانم.
I am reading  abook.,دارم کتاب می‌خونم.
خوبه.,Alright.
Do not worry about it.,نگرانش نباش.
ساع تیادزه می‌خوابم.,I go to bed at eleven.
صورتی,Pink
About twenty minutes.,حدود بیست دقیقه.
اورز,Today
رستوران کجاست؟,Where is the restaurant?
Look at me.,بهم نگاه کن.
I am surprised,متعجبم.
Take it easy.,آروم باش.
صبح,Morning
می‌خواهم یک میز برای دو نفر رزرو کم.,I would like to book a table for two people.
I am full.,سیرم.
چیزی نیست.,Nothing much.
I ened money.,به پول نیاز دارم.
ه دارو نیاز دارم.,I need medicine.
I am a student.,من دانشجو هستم.
Is it far from here?,از اینجا دور است؟
Is it possible...?,آیا ممکن است...؟
I tws wondreful.,عالی بود.
I do'nt understand.,متوجه نمی‌شوم.
Door,در
می‌تونم خوداکتر رو قرض گبیرم؟,Can I borrow your pen?
This s myf irst time ehre.,اولین بار است که اینجا می‌آیم.
I had a great time.,خیلی خوش گذشت.
I need a doctor.,به دکتر نیاز دارم.
 Ilike it.,دوستش دارم.
hat would be gerat.,عالی می‌شود.
م‌یتوانی کمکم کنی آن را ریست کنم؟,Can you help me reset it?
ممکن است من...؟,May I...?
منتظرشم.,I am looking forward to it.
میل هستم...,I would like...
Please take me to this address.,لطفاً من را به این آدرس ببر.
سر کار سرم شلوغ است.,I am busy at work.
باران می‌بارد.,It is raining.
خوبی؟,Are you okay?
م‌یتونی بنویسیش؟,Can you write it down?
دارم کار می‌نم.,I am working.
امروز چه روزیه؟,What day is today?
نگرانم.,I am worried.
سالاد,Salad
tI is clouyds.,ابری است.
Come back soon.,زود برگرد.
Not bad.,بد نیست.
اشتباه کردم.,I made a mistake.
ارزان‌ترش رو داری؟,Do you have a cheaper one?
How is the weather today?,هوا امروز چطور است؟
"Yes, please.",بله، لطفاً.
The cat is msall.,گربه کوچک است.
I have ameetingt omorrow.,فردا جلسه دارم.
کجا رفتی؟,Where did you go?
Practice makes perfect.,تمرین باعث کمال می‌شود.
لطفاً آهست‌هترصح بتک ن.,Please speak more slowly.
Isi  ptossible..?,آیا ممکن است...؟
دوست داری چی بخوری؟,What would you like to eat?
I am free now.,الان آزادم.
One,یک
How aws yuor day?,روزت چطور بود؟
I dno't know.,نمی‌دانم.
من وگشت نمی‌وخرم.,I do not eat meat.
سردمه.,I am cold.
به تاکسی یا زدارم.,I need a taxi.
حساب لطفاً.,The bill please.
Tkaey our time.,عجله نکن.
Keep trying.,ادامه بده تلاش کن.
I will miss you.,دلم برات تنگ می‌شه.
owmu ch did you pay?,چقدر پول دادی؟
It si ont he ihrt side.,سمت راست است.
اشتباه کردن اشکالی ندارد.,It is okay to make mistakes.
هوا امروز چطور است؟,How is the weather today?
لطفاًآ هسته صبحت کن.,Please speak slowly.
ممنون از خیردتنو.,Thank you for shopping.
Close the door please.,لطفاً در را ببند.
دقردانم.,I appreciate it.
Fifty,پنجاه
Please help me.,لطفاً کمکم کن.
My phone number is...,شماره تلفنم ... است.
Keep practicing.,به تمرین ادامه بده.
Don't mention it.,قابلی نداره.
اهل کجا هستی؟,Where are you from?
What is wrong?,چه شده؟
It will rain tomorrow.,فردا باران خواهد بارید.
The internet is not working.,اینترنت کار نمی‌کند.
فراموش کردم.,I forgot.
هفته گذشته,Last week
دما چند درجه است؟,What is the temperature?
I am proud of you.,بهت افتخار می‌کنم.
آن یک خودکار است.,That is a pen.
I don't like it.,دوستش ندارم.
چقدر است که اینجا زندگی می‌کنی؟,How long have you lived here?
What are your hobbies?,سرگرمی‌هایت چیست؟
عالی حس می‌کنم.,I feel great.
Happyb irthday!,تولدت مبارک!
This is delicious.,این خوشمزه است.
یادم هت.س,I remember.
You are welcome anytime.,هر وقت خواستی.
Whee do you work?,کجا کار می‌کنی؟
متشکرم,Thank you
حدو ده قیقه.,About ten minutes.
دست دار یچ بیخوری؟,What would you like to eat?
What is your phone nmuber?,شماره تلفنت چنده؟
"Yes, I play football.",بله، فوتبال بازی می‌کنم.
I like watching movies.,فیلم دیدن رو دوست دارم.
I am happy.,خوشحالم.
گربه خوابیده است.,The cat is sleeping.
ساعت یازده می‌خوابم.,I go to bed at eleven.
بله,Yes
One hundred,صد
I speak Persian.,من فارسی صحبت می‌کنم.
رنگم ورد علاقه‌اتچ یه؟,What is your favorite color?
It is snowing.,برف می‌بارد.
Could you tell me how to get to the museum?,می‌توانید بگویید چطور به موزه بروم؟
What i this?,این چیست؟
همین.,That is all.
One hundrde,صد
خلییب زرگ سات.,It is too big.
It is Fridya today.,امروز جمعه است.
How was your day?,روزت چطور بود؟
Apple,سیب
Reply as soon as opssible.,هرچه زودتر جواب بده.
I live in Tehran.,من در تهران زندگی می‌کنم.
Whatd oes this word mean?,این کلمه یعنی چه؟
سوپ,Soup
فردا همدیگه رو ببینیم.,Let's meet tomorrow.
Hurry up!,زود باش!
قابلی نداره.,Don't mention it.
Please speak slowly.,لطفاً آهسته صحبت کن.
چند سالته؟,How old are you?
She is beauitful.,او زیبا است.
نگران نباش.,Don't worry.
Thursday,پنج‌شنبه
این هم باقیپولت.,Here is your change.
I study a tunersity.,من در دانشگاه درس می‌خوانم.
I read a book bfoere bed.,قبل از خواب کتاب می‌خوانم.
بفرمایید.,Here you are.
تبریک می‌گم!,Congratulations!
Nine,نه
لطفاً ایمیلت را چک کن.,Please check your email.
عولمک امپیوترم ی‌خوانم.,I study computer science.
I am studying.,دارم درس می‌خونم.
At five o'clock.,ساعت پنج.
It is too big.,خیلی بزرگ است.
Please speak more slowly.,لطفاً آهسته‌تر صحبت کن.
باتری گوشیم کم است.,My phone battery is low.
ادامه بده.,Continue.
Nothing is wron.,هیچی نیست.
مخالمف.,I disagree.
How is the weathe rtody?,هوا امروز چطور است؟
It is sunny.,آفتابی است.
گوش دادن به ومسیقیرو  دوست ادر.م,I like listening to music.
لافًپ نجره راب از نک.,Please open the window.
I am a tourist.,من توریست هستم.
It is raining.,باران می‌بارد.
فیلم دیدن رو دوست دارم.,I like watching movies.
Get well soon.,زود خوب شو.
Would you like some tea?,چای میل داری؟
I am sorry for being late.,بابت دیر کردن عذر می‌خوام.
رفتم بازار.,I went to the market.
خوشحالم.,I am happy.
I have a cold.,سرما خورده‌ام.
Cat,گربه
I want tea.,چای می‌خوام.
I will pay you back.,برات برمی‌گردونم.
ود خواهر دارم.,I have two sisters.
تخم‌مرغ,Egg
برام بنویس.,Write to me.
I have a headache.,سردرد دارم.
ارزان‌ترش رو درای؟,Do you have a cheaper one?
lCos ethe windo.,پنجره را ببند.
ادامه بده تلاش کن.,Keep trying.
به آن سدت نزن.,Do not touch that.
No problem.,مشکلی نیست.
I have a meeting tomorrow.,فردا جلسه دارم.
کمی.,A little.
Come here.,بیا اینجا.
سمت چپ است.,It is on the left side.
What would you like to eat?,دوست داری چی بخوری؟
Iha ve an idea.,یه ایده دارم.
I like reading.,کتاب خواندن را دوست دارم.
I am looking froward ot it.,منتظرشم.
به پول نیاز دارم.,I need money.
hi sis my amil.,این خانواده من است.
I went to the market.,رفتم بازار.
منطقی است.,It makes sense.
Good night,شب بخیر
لطفاً آهسته‌تر صحبت کن.,Please speak more slowly.
بهت زنگ می‌زنم.,I will call you.
Wehre is the restuarant?,رستوران کجاست؟
Grandfather,پدربزرگ
Where did yo ugo?,کجا رفتی؟
Turn on the light.,چراغ را روشن کن.
I am hot.,گرمه.
به مکی فضا نیاز ادرم.,I need some space.
بهم نگاه کن.,Look at me.
زود برگرد.,Come back soon.
Bad idea.,ایده بدیه.
ابری است.,It is cloudy.
شوهر,Husband
اشتابهکردم.,I made a mistake.
همه‌چیز خوب است.,Everything is fine.
می‌توانی از ما عکس بگیری؟,Can you take a photo of us?
I am watching TV.,دارم تلویزیون می‌بینم.
مغازه ساعت چند بسته می‌شود؟,What time does the store close?
چ هکرا می‌کنی؟,What do you do?
سردرد دارم.,My head hurts.
My head hurts.,سردرد دارم.
Turn rigt.,به راست بپیچ.
I am thirsty.,من تشنه‌ام.
I feel terrible.,افتضاح حس می‌کنم.
What kind of music do you ike?,چه نوع موسیقی دوست داری؟
Everything is fine.,همه‌چیز خوب است.
چقدر طول می‌کش؟ه,How long does it take?
هزار,One thousand
I have a car.,ماشین دارم.
حوصله‌ام سر رفته.,I am bored.
فردا جلسه ارم.,I have a meeting tomorrow.
Orange,پرتقال
غذای مودر علاقه‌ات چیه؟,What is your favorite food?
Wife,همسر
Congratultaions!,تبریک می‌گم!
Help!,کمک!
Be quiet.,ساکت باش.
دنبال یک رستوران خوب در نزدیکی اینجا هستم.,I am looking for a good restaurant nearby.
عجله نکن.,Take your time.
My stomach hurts.,دل‌درد دارم.
خیلی خوش گذشت.,I had a great time.
Chair,صندلی
This is my first time here.,اولین بار است که اینجا می‌آیم.
Bread,نان
Go there.,برو آنجا.
عصبانی‌ام.,I am angry.
صد,One hundred
بد نیست.,Not bad.
Hors,اسب
It was expensive.,گران بود.
I want waet.,آب می‌خوام.
به سر کار می‌روم.,I go to work.
لطفاً در را ببند.,Close the door please.
می‌تونی دوباره بگی؟,Can you repeat that?
امس م علی است.,My name is Ali.
می‌توانیم زمان را تغییر هدیم؟,Can we reschedule?
چارغ را رونش کن.,Turn on the light.
Reply as soon as possible.,هرچه زودتر جواب بده.
تخت,Bed
Believe in yourself.,به خودت ایمان داشته باش.
من یک سگ خانگی دارم.,I have a pet dog.
Can you write it dow?n,می‌توانی بنویسیش؟
فردا می‌بینمت.,See you tomorrow.
Where is the restaurant?,رستوران کجاست؟
Plaeseopen the window.,لطفاً پنجره را باز کن.
I am okay.,خوبم.
ساعت پنج.,At five o'clock.
روحیه بگیر!,Cheer up!
ممکن اس تلطفاً...؟,Could you please...?
صندلی,Chair
لذت‌بخش بود.,It was a pleasure.
امرز گم است.,It is hot today.
ما چند درجه است؟,What is the temperature?
leasew wait here.,لطفاً اینجا صبر کن.
I have two sisters.,دو خواهر دارم.
مریضم.,I am sick.
 Iam busy.,سرم شلوغه.
پایان.,The end.
والی بار است هک اینجا می‌آیم.,This is my first time here.
لطفاً من را به این آدرس ببر.,Please take me to this address.
عجله‌ای نیست.,No rush.
مادر,Mother
The cat is sleeping.,گربه خوابیده است.
خوش اومدی خونه.,Welcome home.
روزت چطور بود؟,How was your day?
 am bored.,حوصله‌ام سر رفته.
گرم است.,It is hot.
It was wonderful.,عالی بود.
Is this spicy?,این تند است؟
رمز عبورم را فراموش کرمد.,I forgot my password.
خداحافظ,Goodbye
شبب یخر,Good night
روز خوبی داشته باشی.,Have a nice day.
چه ماهی است؟,What month is it?
مطمئنی؟,Are you sure?
I m looking ofr a god restaurant nearb.y,دنبال یک رستوران خوب در نزدیکی اینجا هستم.
واقعاً؟,Really?
Threea re five people.,پنج نفر هستند.
Stand up.,پاشو.
I am lraning nglish.,دارم انگلیسی یاد می‌گیرم.
Call e wheny ou are free.,هر وقت آزاد شدی زنگ بزن.
I am woried.,نگرانم.
از انجا دو راست؟,Is it far from here?
لطفاً ایمیلت ر اچک کن.,Please check your email.
موفق باشی!,Good luck!
پاشو.,Stand up.
aCn ouy help me reset ti?,می‌توانی کمکم کنی آن را ریست کنم؟
Let's eat.,بزن بریم غذا بخوریم.
حالت چطوره؟,How are you doing?
جمعه,Friday
Turn right.,به راست بپیچ.
گرمه.,I am hot.
It wsa a pleasure.,لذت‌بخش بود.
چای یم‌خوام.,I want tea.
Aunt,عمه
Twenty,بیست
به کار خودت برس.,Mind your own business.
The cat is lseeping.,گربه خوابیده است.
Whatdo you do?,چه کار می‌کنی؟
My favorite color is blue.,رنگ مورد علاقه‌ام آبی است.
گریه نکن.,Don't cry.
Thank yo or your help.,ممنون از کمکت.
چی خریدی؟,What did you buy?
Tree,سه
خیی خوش گذشت.,I had a great time.
سلما,Hello
My favorite color is green.,رنگ مورد علاقه‌ام سبز است.
She is beautiful.,او زیبا است.
 Iam cold.,سردمه.
صبح بخیر!,Good morning!
آن یک خودکار ات.,That is a pen.
این خوشمز هاست.,This is delicious.
My brother is a doctor.,برادرم دکتر است.
My name is lAi.,اسم من علی است.
باقی‌اش مال خودت.,Keep the change.
مخالفم.,I disagree.
بشین.,Sit down.
باید گوشی‌ا مراش ارژ کنم.,I need to charge my phone.
سرگرمی‌هایت چیست؟,What are your hobbies?
iNne,نه
Nextw eek,هفته آینده
Leave me alone.,تنهام بگذار.
از اینجا دور است؟,Is it far from here?
That is all.,همین.
هقهو‌ای,Brown
Listn carefully.,با دقت گوش کن.
Can you take a photo of us?,می‌توانی از ما عکس بگیری؟
My Persian is notv ery good.,فارسی‌ام خیلی خوب نیست.
I miss you.,دلم برات تنگ شده.
One thousand,هزار
من کی سگخا نگ دارم.,I have a pet dog.
مرضیم.,I am sick.
It is cold.,سرد است.
رنگ مورد علاقه‌ام آبی است.,My favorite color is blue.
رم ست.,It is hot.
پنج‌شنبه,Thursday
الان آزادم.,I am free now.
I have three apples.,من سه تا سیب دارم.
فردا باران خواهد بارید.,It will rain tomorrow.
I like reading books.,کتاب خوندن رو دوست دارم.
دارم فارسی یاد می‌گیرم.,I am learning Persian.
زود برمی‌گردم.,I will be back soon.
مواظب خودت باش.,Take care.
Tell me more.,بیشتر بگو.
این ر وبرم‌یدارم.,I will take this.
I have breakafst.,صبحانه می‌خورم.
باورت دارم.,I believe you.
I amd iong well.,حالم خوبه.
Time is money.,وقت طلاست.
Room,اتاق
پرتقال,Orange
It was a pleasure.,لذت‌بخش بود.
Where is the bathroom?,دستشویی کجاست؟
کک!,Help!
ساکت باش.,Be quiet.
لطفاً,Please
I spea kPersian.,من فارسی صحبت می‌کنم.
I feel good.,حس خوبی دارم.
موز,Banana
سیرم.,I am full.
Learn from your mmistkae.s,از اشتباهاتت یاد بگیر.
بفرمادی.,Go ahead.
لطفاً آهسته صحبت کن.,Please speak slowly.
Yelolw,زرد
You rae evry kind.,شما خیلی مهربانید.
برنج,Rice
پنجاه,Fifty
بفرمایید.,Go ahead.
Black,سیاه
I forgot.,فراموش کردم.
این رو برمی‌دارم.,I will take this.
Batrhoom,حمام
I have a reservaiton.,رزرو دارم.
ممنون زا کمکت.,Thank you for your help.
شما خیلی مهربانید.,You are very kind.
ساعت هفت بیدار می‌شوم.,I wake up at seven.
Take an umbrell.a,چتر بردار.
خواهش می‌کنم.,My pleasure.
ودش میگیرم.,I take a shower.
Can you lend me some money?,می‌تونی یه کم پول بهم قرض بدی؟
سلام,Hello
Good evening,عصر بخیر
بارنا می‌بارد.,It is raining.
I do to eat meat.,من گوشت نمی‌خورم.
After you.,شما بفرمایید.
I will imss you.,دلم برات تنگ می‌شه.
قدردانم.,I appreciate it.
My English is not perfect.,انگلیسی‌ام کامل نیست.
این چیست؟,What is this?
هر وقت آزاد شدی زنگ بزن.,Call me when you are free.
Excuse me,ببخشید
It is n the left side.,سمت چپ است.
I am wokring.,دارم کار می‌کنم.
I work in an office.,من در یک دفتر کار می‌کنم.
س,Dog
Today is Monday.,امروز دوشنبه است.
What is the fare?,کرایه چقدر است؟
Do not touch that.,به آن دست نزن.
چه حسی داری؟,How do you feel?
Yesterday,دیروز
می‌تونی یه کم پول بهم قرض بدی؟,Can you lend me some money?
چه نوع موسقی دوست داری؟,What kind of music do you like?
Really?,واقعاً؟
Sorry,ببخشید
Are you fre?e,آزاد هستی؟
Don't cry.,گریه نکن.
How old are ou?,چند سالته؟
من غمگینم.,I am sad.
Okay.,باشه.
I am from Iran.,من اهل ایران هستم.
Saurtday,شنبه
What is this?,این چیست؟
این بد است.,This is bad.
Grandftaehr,پدربزرگ
I am proud o fyou.,بهت افتخار می‌کنم.
Ladies first.,خانم‌ها اول.
It is too expensive.,خیلی گران است.
مغازه ساعت چند باز می‌شود؟,What time does the store open?
بیست,Twenty
هر روز تمرین کن.,Practice every day.
از آشنایی با ما خوشبختم,Nice to meet you
I would ilke...,مایل هستم...
دارم شآپزی می‌کنم.,I am cooking.
Nothni mcuh.,چیزی نیست.
How many?,چند تا؟
رزرو ارم.,I have a reservation.
من سه تا سیب دارم.,I have three apples.
بزن بریم غذا بخوریم.,Let's eat.
چترب رادر.,Take an umbrella.
What did you buy?,چی خریدی؟
He is tall.,او قدبلند است.
این را به انگلیسی چطور می‌گوند؟,How do you say this in English?
fAfteryou.,شما بفرمایید.
علای می‌شود.,That would be great.
غمگینم.,I am sad.
Milk,شیر
What time si it?,ساعت چند است؟
بنفش,Purple
این یعنی چه؟,What does this mean?
دلم برات تنگ می‌شه.,I will miss you.
پیامت رو گرفتم.,I got your message.
چه کار می‌کنی؟,What do you do?
بعاد بهمز نگ بزنع.,Call me later.
افتضاح حس می‌کنم.,I feel terrible.
oDn't mentio it.,قابلی نداره.
دارم تلوزیوین می‌بینم.,I am watching TV.
می‌توانی از ما عکس بگیی؟,Can you take a photo of us?
پجن,Five
I am srory for being late.,بابت دیر کردن عذر می‌خوام.
Ia m excited.,هیجان‌زده‌ام.
می‌تون مامتحانش کمن؟,Can I try it on?
I like it.,دوستش دارم.
لطفاً پنجره را باز کن.,Please open the window.
Nice to meet you,از آشنایی با شما خوشبختم
Itruts you.,بهت اعتماد دارم.
Close the window.,پنجره را ببند.
oD you speak English?,انگلیسی بلدی؟
Night,شب
من بیست ساهل هستم.,I am twenty years old.
بیرون سرد است.,It is cold outside.
Thisi s delicious,این خوشمزه است.
دستشویی کجاست؟,Where is the bathroom?
Where i the airport?,فرودگاه کجاست؟
You aer ewlcome anytime.,هر وقت خواستی.
What is wrong,چه شده؟
روز چطور بود؟,How was your day?
That si all.,همین.
بابت دیر کردن عذر می‌خوام.,I am sorry for being late.
شبین.,Sit down.
خامن‌ها اول.,Ladies first.
Turn off the light.,چراغ را خاموش کن.
I don't understand.,متوجه نمی‌شوم.
I take a shower.,دوش می‌گیرم.
I am sada.,من غمگینم.
سفدی,White
Keep the chaneg.,باقی‌اش مال خودت.
ت وفوق‌العاده‌ای.,You are amazing.
I don't have a car.,ماشین ندارم.
فردا می‌بنیمتت.,See you tomorrow.
شاید.,Maybe.
هواخ وب اس.ت,The weather is nice.
غذای مورد علاقه‌ات چیه؟,What is your favorite food?
Next week,هفته آینده
م‌یوتنی نجامش بدی!,You can do it!
سرم شلوغه.,I am busy.
Evening,عصر
Better late than never.,دیر رسیدن بهتر از هرگز نرسیدن است.
I a mthirsty.,من تشنه‌ام.
Two,دو
My English is not perfce.t,انگلیسی‌ام کامل نیست.
That is true.,درسته.
Coffee,قهوه
امروز جمعه است.,It is Friday today.
About ten imnutes.,حدود ده دقیقه.
I am happy.,من خوشحالم.
گوش دادن به موسیقی رو دوست دارم.,I like listening to music.
خیلی گران است.,It is too expensive.
امیدورام به زودی دوباره سر بنم.,I hope to visit again soon.
Friday,جمعه
حالم خوبه.,I am doing well.
Pink,صورتی
The food is delicious.,غذا خوشمزه است.
My phone battery is low.,باتری گوشیم کم است.
I would like...,مایل هستم...
به خانه برمی‌گردم.,I come back home.
تا دعفه بعد.,Until next time.
Good ide.a,ایده خوبیه.
الان فهمیدم.,I understand now.
به پلیس زنگ بزن.,Call the police.
Le'ts go.,بریم.
I need medicin.e,به دارو نیاز دارم.
لطفاً کمکم کن.,Please help me.
Teh etaher is nice.,هوا خوب است.
Soup,سوپ
One touadn,هزار
This i sgood.,این خوب است.
دندان‌هایم را مسواک می‌زنم.,I brush my teeth.
Welcome home.,خوش اومدی خونه.
I think so.,فکر می‌کنم همینطوره.
I need a taxi.,به تاکسی نیاز دارم.
Turn rihta fter the birdge.,بعد از پل به راست بپیچ.
قیمتش چقدر است؟,How much is it?
I m ahungry.,من گرسنه‌ام.
اگو,Cow
No,نه
ب کار خدوت برس.,Mind your own business.
کرایه چقدر است؟,What is the fare?
وقعاً قدردامن.,I really appreciate it.
I like pizza.,پیتزا دوست دارم.
What is yourfavorite fodo?,غذای مورد علاقه‌ات چیه؟
I have an idea.,یه ایده دارم.
همین الان برمی‌گردم.,I will be right back.
I watch television.,تلویزیون تماشا می‌کنم.
بله، وفتبال بازی می‌کنم.,"Yes, I play football."
Hello,سلام
سرما خورده‌ام.,I have a cold.
hat rae your hobbies?,سرگرمی‌هایت چیست؟
می‌تونی کمکم کنی؟,Can you help me?
Pleas pseak slowyl.,لطفاً آهسته صحبت کن.
امروز چه روزی است؟,What day is it today?
متوجه نمی‌شوم.,I don't understand.
یک برادردارم,I have one brother.
رنج,Rice
Make yourself at home.,راحت باش.
I am busy at work.,سر کار سرم شلوغ است.
سر چراغ قرمز ب چپ بپی.چ,Turn left at the traffic light.
What is your favorite color?,رنگ مورد علاقه‌ات چیه؟
چیکار باید بکنیم؟,What should we do?
Great job!,کارت عالی بود!
Yesterday was Sunday.,دیروز یکشنبه بود.
Never give up.,هرگز تسلیم نشو.
امروز,Today
بردارم دکتر است.,My brother is a doctor.
Pelase pseak more slowl.,لطفاً آهسته‌تر صحبت کن.
باد میوز‌د.,It is windy.
مستقیم برو.,Go straight.
What time odes the store clse?,مغازه ساعت چند بسته می‌شود؟
Bedroom,اتاق خواب
ورشز را دوتس دارم.,I like sports.
I am sad.,من غمگینم.
How much did you pay?,چقدر پول دادی؟
هفتته گذشته,Last week
Last week,هفته گذشته
ن،ه ممنون.,"No, thank you."
فوتبال بازی می‌کنی؟,Do you play football?
در تماس باش.,Stay in touch.
 Iam tired.,خسته‌ام.
مرغ,Chicken
ساعتچ ند است؟,What time is it?
I will call you.,بهت زنگ می‌زنم.
دیر رسیدن بهتراز هرگز نرسیدن است.,Better late than never.
کافیه.,That is enough.
این طعم خویب داهر.,This tastes good.
I aree.,موافقم.
How are you doing?,حالت چطوره؟
Wait a moment.,یک لحظه صبر کن.
Bathroom,حمام
زود وخب شو.,Get well soon.
هنوز دارم یاد می‌گیرم.,I am still learning.
این خوب است.,This is good.
What is he temperature?,دما چند درجه است؟
It is cold outside.,بیرون سرد است.
I think s.o,فکر می‌کنم همینطوره.
رس کار سر شلوغ ست.,I am busy at work.
I go to bed at eleven.,ساعت یازده می‌خوابم.
Learn from your mistakes.,از اشتباهاتت یاد بگیر.
عصرب خی,Good evening
پیتزا دوست دارم.,I like pizza.
حس خوبی دارم.,I feel good.
عمو,Uncle
خوبم.,I am okay.
نمی‌دانم.,I don't know.
این عالیه.,This is perfect.
I will be back son.,زود برمی‌گردم.
ب هپلیسز نگ بزن.,Call the police.
چقدر است که اینجا زنگدی می‌نکی؟,How long have you lived here?
I brush my teeth,دندان‌هایم را مسواک می‌زنم.
Good luck!,موفق باشی!
دو,Two
هشت,Eight
I am looking for a good restaurant nearby.,دنبال یک رستوران خوب در نزدیکی اینجا هستم.
Father,پدر
دو خواهر دارم.,I have two sisters.
با آن مراقب باش.,Be careful with that.
I love my parents.,من والدینم را دوست دارم.
اسب,Horse
برو آنجا.,Go there.
Tuesday,سه‌شنبه
بفمایید.,Here you are.
هفت,Seven
لطفاً م را به این درس بب.ر,Please take me to this address.
درسته.,That is true.
Ihave a pet dg.,من یک سگ خانگی دارم.
آفرین!,Well done!
I understand now.,الان فهمیدم.
حسبا لطفاً.,The bill please.
Congratulations!,تبریک می‌گم!
می‌توانیم زمان را تغییر دهیم؟,Can we reschedule?
What is the matter?,چه شده؟
اتاق,Room
کارت اعتباری قبول می‌کنید؟,Do you accept credit cards?
Turn left at the traffic light.,سر چراغ قرمز به چپ بپیچ.
How is your family?,خانواده‌ات چطور هستند؟
اشتباه رکدن اشکای دنارد.,It is okay to make mistakes.
Good veening,عصر بخیر
زود خوب شو.,Get well soon.
دلم برتا تنگ می‌شه.,I will miss you.
I feel good,حس خوبی دارم.
انگلیسی‌ام کامل نیست.,My English is not perfect.
شمکلی ننیست.,No problem.
Saturday,شنبه
Go ahead.,بفرمایید.
tI maes sense.,منطقی است.
Sunday,یکشنبه
هیجا‌نزده‌ام.,I am excited.
It s windy.,باد می‌وزد.
خیلی خو بصحبت می‌کنی.,You speak very well.
Ireally appreciate it.,واقعاً قدردانم.
من در ی دفتر کار میک‌نم.,I work in an office.
تقریباً عالیه.,Almost perfect.
به کمک نیاز دارم.,I need help.
ه وقت آزاد شدی زن گزب.ن,Call me when you are free.
I come back home.,به خانه برمی‌گردم.
Safet arvels.,سفر به خیر.
I need to see a doctor.,باید دکتر بروم.
من اهل ایران هستم.,I am from Iran.
چراغ را خاموش کن.,Turn off the light.
Thirty,سی
Ia m arfaid  Icannot.,متأسفانه نمی‌توانم.
تا دفعه بعد.,Until next time.
ممنون از کمکت.,Thank you for your help.
سفرت طچور بود؟,How was your trip?
tA five o'lock.,ساعت پنج.
Call the police.,به پلیس زنگ بزن.
دختر,Daughter
بیشتر تلاش کن.,Try harder.
Write to me.,برام بنویس.
Where is te kitchen?,آشپزخانه کجاست؟
سگ بزرگ است.,The dog is big.
What is your favorite movie?,فیلم مورد علاقه‌ات چیست؟
مرداد است.,It is August.
روز خوبی داشته باش.,Have a nice day.
My name is Ali.,اسم من علی است.
لفاً اینجا صبر کن.,Please wait here.
What does this mean?,این یعنی چه؟
برات ایمیل فرستادم.,I sent you an email.
بهت افتخار می‌کنم.,I am proud of you.
This tastes good.,این طعم خوبی داره.
How muhc does this cost?,این چقدر قیمت دارد؟
می‌توانی بنویسیش؟,Can you write it down?
Here you are.,بفرمایید.
آزاد ستی؟,Are you free?
Exuse me,ببخشید
Where is my seat,صندلی من کجاست؟
صوری,Pink
oHw many?,چند تا؟
Have a nice day.,روز خوبی داشته باشی.
Four,چهار
Can I borrow your pen?,می‌تونم خودکارت رو قرض بگیرم؟
پنج نفر هستند.,There are five people.
پدربزرگ,Grandfather
Floolw me.,دنبالم بیا.
لطفاً منو ببخش.,Please forgive me.
Merry Chrismas!,کریسمس مبارک!
Let's go.,بریم.
 Indesrtand onw.,الان فهمیدم.
قرمز,Red
تولیزیون تماشا می‌کنم.,I watch television.
سی,Thirty
ماهی,Fish
I lovey ou.,دوستت دارم.
Ifeel bad.,حس بدی دارم.
آرومب اش.,Take it easy.
Could eb bette.r,می‌تونه بهتر باشه.
چند ت؟,How many?
خانواده‌ات چطور هستند؟,How is your family?
این طعم خوبی داره.,This tastes good.
چقدر طول م‌یکشد؟,How long does it take?
Almots perfcet.,تقریباً عالیه.
مایل هستم...,I would like...
Better late than neevr.,دیر رسیدن بهتر از هرگز نرسیدن است.
It makes sense.,منطقی است.
همین الان برمی‌گردم,I will be right back.
I have one brother.,یک برادر دارم.
به ،طمنئم.,"Yes, I am sure."
خییل گا ناست.,It is too expensive.
What is your favorite food?,غذای مورد علاقه‌ات چیه؟
آتش!,Fire!
تولدت مبار!ک,Happy birthday!
این خانواده من است.,This is my family.
می‌توانی کمکم کنی آن را ریست کنم؟,Can you help me reset it?
این هم باقی پولت.,Here is your change.
How was your trip?,سفرت چطور بود؟
Where did you go?,کجا رفتی؟
ساعت چند است؟,What time is it?
کارت عالیب ود!,Great job!
It is hot today.,امروز گرم است.
Window,پنجره
Call m elater.,بعداً بهم زنگ بزن.
Wht isy our name?,اسم شما چیست؟
دلم برات تنگ شده.,I miss you.
علوم کامپیوتر می‌خوانم.,I study computer science.
How long does it take?,چقدر طول می‌کشد؟
بعدازظهر,Afternoon
Thati strue.,درسته.
من در تهرانز ندگی می‌کنم.,I live in Tehran.
شش,Six
یک برادر دارم.,I have one brother.
خوش امد یخونه.,Welcome home.
از اول شروع نکمی.,Let's start over.
White,سفید
Tath is interesting.,آن جالب است.
It is near.,نزدیک است.
I am full.,سیر شدم.
Stay in touch.,در تماس باش.
Itw ase xpensiv.e,گران بود.
دوستش ندارم.,I don't like it.
How lnog does it take?,چقدر طول می‌کشه؟
I study at university.,من در دانشگاه درس می‌خوانم.
شنبه,Saturday
What did yuo buy?,چی خریدی؟
چ هرشتها‌ یمی‌خوانی؟,What subject do you study?
م‌یتونی دوباره بگی؟,Can you repeat that?
وقت طلاست.,Time is money.
خسته‌ام.,I am tired.
چه رشته‌ای می‌خوانی؟,What subject do you study?
No hard feelings.,کدورتی نیست.
التبه می‌تونی.,Of course you can.
شب بخیر,Good night
I lost my way.,راهم را گم کردم.
What is your phone number?,شماره تلفنت چنده؟
Egg,تخم‌مرغ
Ho wdo oyu feel?,چه حسی داری؟
قبل از خواب کتاب می‌خوانم.,I read a book before bed.
اتاق خواب,Bedroom
How do you feel?,چه حسی داری؟
دیر رسیدن بهتر از هرگز نرسیدن است.,Better late than never.
همه‌چیز خوب اتس.,Everything is fine.
بیشت رتلاشک ن.,Try harder.
کتاب خواندن را دوست دارم.,I like reading.
Reall?,واقعاً؟
Are you free?,آزاد هستی؟
پنجره,Window
عمه,Aunt
دارمک تاب می‌خونم.,I am reading a book.
Borther,برادر
What should we do?,چیکار باید بکنیم؟
من توریست هستم.,I am a tourist.
Good idea.,ایده خوبیه.
رزرو دارم.,I have a reservation.
به تمری ادامه بده.,Keep practicing.
I amc oking.,دارم آشپزی می‌کنم.
وخاهش م‌یکنم,You are welcome
مشکلی نیست.,No problem.
I am afraid I cannot.,متأسفانه نمی‌توانم.
Let's mete tomorrow.,فردا همدیگه رو ببینیم.
فیلم دیدن ر دسوت دارم.,I like watching movies.
گبره کوچ کاست.,The cat is small.
این یک کتاب است.,This is a book.
سه,Three
I wake up at seven.,ساعت هفت بیدار می‌شوم.
پدر,Father
این را هب فارسی چطور می‌گیوند؟,How do you say this in Persian?
I am hungry.,من گرسنه‌ام.
هفته آینده می‌بنمت.,See you next week.
Water,آب
Whatw ould you like to eat?,دوست داری چی بخوری؟
افتضاح سح می‌کنم.,I feel terrible.
Red,قرمز
هفهت آنده,Next week
مراقب با.,Be careful.
I a full.,سیر شدم.
What time does the store open?,مغازه ساعت چند باز می‌شود؟
Never sto plearning.,هرگز از یادگیری دست نکش.
شما بفرمایید.,After you.
Listen carefully.,با دقت گوش کن.
Are you okay?,خوبی؟
اشکالی ندارد اگر...؟,Would you mind...?
بله، دامر.,"Yes, I do."
Have fun!,خوش بگذره!
قط ند.ی,Cash only.
I will tak ethis.,این رو برمی‌دارم.
Itis none of you rbusiness.,به تو ربطی نداره.
I am reading a book.,دارم کتاب می‌خونم.
یادم هست.,I remember.
ها امروز چطور ات؟س,How is the weather today?
I hope to visit again soon.,امیدوارم به زودی دوباره سر بزنم.
Where is the airport?,فرودگاه کجاست؟
Age before beauty.,سن قبل از زیبایی.
This is good.,این خوب است.
That is false.,غلط است.
سیب,Apple
برام بنوی.س,Write to me.
This is bad.,این بد است.
Merry Christmas!,کریسمس مبارک!
Iw or kin ano ffice.,من در یک دفتر کار می‌کنم.
What day is today?,امروز چه روزیه؟
مواظب خوتد باش.,Take care.
Thank you very much.,خیلی ممنونم.
سال نو مبارک!,Happy New Year!
س,Thirty
ntil next time.,تا دفعه بعد.
دماه بدهت لاش کن.,Keep trying.
How old are you?,چند سالته؟
دنبال ی کرستوران خجوب رد نزدیکی یجنا هستم.,I am looking for a good restaurant nearby.
Ytserday,دیروز
You are amazing.,تو فوق‌العاده‌ای.
یه ایده دارم.,I have an idea.
امروز گرم است.,It is hot today.
رگز از یادگیری دس تنکش.,Never stop learning.
Good morning!,صبح بخیر!
It is Friday today.,امروز جمعه است.
مغازه سعات چند باز میشود؟,What time does the store open?
بله، مطمئنم.,"Yes, I am sure."
شغلت را دوست داری؟,Do you like your job?
My favorite cloor is green.,رنگ مورد علاقه‌ام سبز است.
رنگ مورد علاقه‌ام آیب است.,My favorite color is blue.
امروزچ ه روزی است؟,What day is it today?
Juice,آبمیوه
پیامت رو گفرتم.,I got your message.
امیدوارم به زودی دوباره سر بزنم.,I hope to visit again soon.
The weather is nice.,هوا خوب است.
شغلت چیست؟,What is your job?
آفتابی است.,It is sunny.
زود بش!,Hurry up!
ممنون از خریدتون.,Thank you for shopping.
It is windy.,باد می‌وزد.
گرهی نکن.,Don't cry.
Iam twenty years old.,من بیست ساله هستم.
نگرانش نباش.,Do not worry about it.
این مهم است.,This is important.
برام پیا مبفرست,Send me a message.
Do you have a cheaper one?,ارزان‌ترش رو داری؟
سر چراغ قرمز به چپ بپیچ.,Turn left at the traffic light.
The cat is small.,گربه کوچک است.
یکشنبه,Sunday
Happy New Year!,سال نو مبارک!
How can  et to th estation?,چطور می‌تونم به ایستگاه برسم؟
چه کار می‌کنی؟,What are you doing?
I am cold.,سردمه.
You are welcome,خواهش می‌کنم
بله، لطفاً.,"Yes, please."
What is your name?,اسم شما چیست؟
The end.,پایان.
در ماتس باش.,Stay in touch.
آبی,Blue
به چپ بپیچ.,Turn left.
Seven,هفت
The bill please.,حساب لطفاً.
Let' sstart over.,از اول شروع کنیم.
Chcien,مرغ
Where is my seat?,صندلی من کجاست؟
Of oruse.,البته.
اتاق پرو کجاست؟,Where is the fitting room?
Goah ead.,بفرمایید.
"No, I do't.",نه، ندارم.
Don't worry.,نگران نباش.
Wednesday,چهارشنبه
Practice every day.,هر روز تمرین کن.
می‌وتنی هی کم پول بهم قرض بدی؟,Can you lend me some money?
"No, thank you.",نه، ممنون.
Cheer up!,روحیه بگیر!
من در یک دفتر کار می‌کنم.,I work in an office.
Thank you,متشکرم
پنجره را ببند.,Close the window.
کجا کار می‌کنی؟,Where do you work?
My Persian is not very good.,فارسی‌ام خیلی خوب نیست.
نه,Nine
عصر,Evening
I am still learning.,هنوز دارم یاد می‌گیرم.
من در تهران زندگی می‌کنم.,I live in Tehran.
Cash only.,فقط نقدی.
دیروز,Yesterday
Can you write it down?,می‌توانی بنویسیش؟
داروخانه کاجست؟,Where is the pharmacy?
I bought some fruits.,چند تا میوه خریدم.
تبریک یم‌گم!,Congratulations!
قهوه می‌خوام.,I want coffee.
Of course youc an.,البته می‌تونی.
Do you know if there is a bank around here?,می‌دانید آیا بانکی در این اطراف هست؟
Are you feeling better?,حالت بهتر شده؟
I have a fver.,تب دارم.
I am awtcing TV.,دارم تلویزیون می‌بینم.
شیر,Milk
س بزرگ است.,The dog is big.
Eevrtyhing is fine.,همه‌چیز خوب است.
I am tired.,خسته‌ام.
I have a reservation.,رزرو دارم.
من خوبم.,I am fine.
آب,Water
فارسی‌ما خیلی وخب ست.,My Persian is not very good.
این خوشمزه است.,This is delicious.
کریسمس مبارک!,Merry Christmas!
I watch televsioin.,تلویزیون تماشا می‌کنم.
خواهر,Sister
آشپزخانه,Kitchen
سه‌شنبه,Tuesday
